id,Country Name,Country Code,Indicator Name,Indicator Code,2017,2018,2019,2020,2021
0,Aruba,ABW,Masa monetaria (moneda local actual),FM.LBL.BMNY.CN,4239900000,4376900000,4569400000,4792000000,
1,,AFE,Masa monetaria (moneda local actual),FM.LBL.BMNY.CN,,,,,
2,Afganistan,AFG,Masa monetaria (moneda local actual),FM.LBL.BMNY.CN,4.74E+11,4.86E+11,5.14E+11,5.76E+11,
3,,AFW,Masa monetaria (moneda local actual),FM.LBL.BMNY.CN,,,,,
4,Angola,AGO,Masa monetaria (moneda local actual),FM.LBL.BMNY.CN,6.52E+12,7.85E+12,1.02E+13,1.27E+13,
5,Albania,ALB,Masa monetaria (moneda local actual),FM.LBL.BMNY.CN,1.27E+12,1.26E+12,1.32E+12,1.46E+12,
6,Andorra,AND,Masa monetaria (moneda local actual),FM.LBL.BMNY.CN,,,,,
7,El mundo arabe,ARB,Masa monetaria (moneda local actual),FM.LBL.BMNY.CN,,,,,
8,Emiratos Arabes Unidos,ARE,Masa monetaria (moneda local actual),FM.LBL.BMNY.CN,1.28E+12,1.31E+12,1.41E+12,1.48E+12,
9,Argentina,ARG,Masa monetaria (moneda local actual),FM.LBL.BMNY.CN,3.03E+12,,,,
10,Armenia,ARM,Masa monetaria (moneda local actual),FM.LBL.BMNY.CN,2.58E+12,2.78E+12,3.09E+12,3.36E+12,
11,Samoa Americana,ASM,Masa monetaria (moneda local actual),FM.LBL.BMNY.CN,,,,,
12,Antigua y Barbuda,ATG,Masa monetaria (moneda local actual),FM.LBL.BMNY.CN,3618290000,3879113444,3861705720,3524983062,
13,Australia,AUS,Masa monetaria (moneda local actual),FM.LBL.BMNY.CN,2.05E+12,2.10E+12,2.39E+12,2.72E+12,
14,Austria,AUT,Masa monetaria (moneda local actual),FM.LBL.BMNY.CN,,,,,
15,Azerbaiyan,AZE,Masa monetaria (moneda local actual),FM.LBL.BMNY.CN,22772070451,24060393175,28866306172,29185807572,
16,Burundi,BDI,Masa monetaria (moneda local actual),FM.LBL.BMNY.CN,1.50E+12,1.80E+12,2.20E+12,2.73E+12,
17,Bélgica,BEL,Masa monetaria (moneda local actual),FM.LBL.BMNY.CN,,,,,
18,Benin,BEN,Masa monetaria (moneda local actual),FM.LBL.BMNY.CN,2.11E+12,2.21E+12,2.35E+12,2.75E+12,
19,Burkina Faso,BFA,Masa monetaria (moneda local actual),FM.LBL.BMNY.CN,3.37E+12,3.72E+12,4.06E+12,4.78E+12,
20,Bangladesh,BGD,Masa monetaria (moneda local actual),FM.LBL.BMNY.CN,1.30E+13,1.45E+13,1.62E+13,1.83E+13,
21,Bulgaria,BGR,Masa monetaria (moneda local actual),FM.LBL.BMNY.CN,85727240000,93252630000,1.02E+11,1.14E+11,
22,Bahrein,BHR,Masa monetaria (moneda local actual),FM.LBL.BMNY.CN,,,,,
23,Bahamas,BHS,Masa monetaria (moneda local actual),FM.LBL.BMNY.CN,6953862535,,,,
24,Bosnia y Herzegovina,BIH,Masa monetaria (moneda local actual),FM.LBL.BMNY.CN,22116292440,24191076634,26332693829,28248989825,
25,Belarús,BLR,Masa monetaria (moneda local actual),FM.LBL.BMNY.CN,39848544786,43232908800,48509693936,50800658500,
26,Belice,BLZ,Masa monetaria (moneda local actual),FM.LBL.BMNY.CN,2939370538,3017319526,3157361405,3533801971,
27,Bermudas,BMU,Masa monetaria (moneda local actual),FM.LBL.BMNY.CN,,,,,
28,Bolivia,BOL,Masa monetaria (moneda local actual),FM.LBL.BMNY.CN,2.40E+11,2.50E+11,2.46E+11,2.69E+11,
29,Brasil,BRA,Masa monetaria (moneda local actual),FM.LBL.BMNY.CN,6.13E+12,6.56E+12,7.10E+12,8.31E+12,
30,Barbados,BRB,Masa monetaria (moneda local actual),FM.LBL.BMNY.CN,11336496840,11315114849,,,
31,Brunei Darussalam,BRN,Masa monetaria (moneda local actual),FM.LBL.BMNY.CN,14517775053,14929719170,15567062904,15500175713,
32,Bhutan,BTN,Masa monetaria (moneda local actual),FM.LBL.BMNY.CN,1.13E+11,1.20E+11,1.35E+11,1.73E+11,
33,Botswana,BWA,Masa monetaria (moneda local actual),FM.LBL.BMNY.CN,72466776441,78495248910,84767083089,89761949480,
34,República Centroafricana,CAF,Masa monetaria (moneda local actual),FM.LBL.BMNY.CN,3.01E+11,3.43E+11,3.74E+11,,
35,Canada,CAN,Masa monetaria (moneda local actual),FM.LBL.BMNY.CN,,,,,
36,Europa Central y del Baltico,CEB,Masa monetaria (moneda local actual),FM.LBL.BMNY.CN,,,,,
37,Suiza,CHE,Masa monetaria (moneda local actual),FM.LBL.BMNY.CN,,,,,
38,Islas del Canal,CHI,Masa monetaria (moneda local actual),FM.LBL.BMNY.CN,,,,,
39,Chile,CHL,Masa monetaria (moneda local actual),FM.LBL.BMNY.CN,1.41E+14,1.47E+14,1.65E+14,1.88E+14,
40,China,CHN,Masa monetaria (moneda local actual),FM.LBL.BMNY.CN,1.68E+14,1.79E+14,1.95E+14,2.15E+14,
41,CÃ´te d'Ivoire,CIV,Masa monetaria (moneda local actual),FM.LBL.BMNY.CN,8.57E+12,9.72E+12,1.08E+13,1.30E+13,
42,Camerún,CMR,Masa monetaria (moneda local actual),FM.LBL.BMNY.CN,4.17E+12,4.75E+12,,,
43,"Congo, República Democratica del",COD,Masa monetaria (moneda local actual),FM.LBL.BMNY.CN,7.06E+12,9.58E+12,,,
44,"Congo, República del",COG,Masa monetaria (moneda local actual),FM.LBL.BMNY.CN,1.68E+12,1.58E+12,1.70E+12,,
45,Colombia,COL,Masa monetaria (moneda local actual),FM.LBL.BMNY.CN,4.51E+14,4.74E+14,5.16E+14,5.82E+14,
46,Comoras,COM,Masa monetaria (moneda local actual),FM.LBL.BMNY.CN,1.28E+11,1.39E+11,1.47E+11,1.66E+11,
47,Cabo Verde,CPV,Masa monetaria (moneda local actual),FM.LBL.BMNY.CN,1.81E+11,1.84E+11,1.99E+11,2.07E+11,
48,Costa Rica,CRI,Masa monetaria (moneda local actual),FM.LBL.BMNY.CN,1.60E+13,1.63E+13,1.70E+13,2.00E+13,
49,Estados pequeos del Caribe,CSS,Masa monetaria (moneda local actual),FM.LBL.BMNY.CN,,,,,
50,Cuba,CUB,Masa monetaria (moneda local actual),FM.LBL.BMNY.CN,,,,,
51,Curacao,CUW,Masa monetaria (moneda local actual),FM.LBL.BMNY.CN,,,,,
52,Islas Caiman,CYM,Masa monetaria (moneda local actual),FM.LBL.BMNY.CN,,,,,
53,Chipre,CYP,Masa monetaria (moneda local actual),FM.LBL.BMNY.CN,,,,,
54,República Checa,CZE,Masa monetaria (moneda local actual),FM.LBL.BMNY.CN,4.23E+12,4.49E+12,4.78E+12,5.26E+12,
55,Alemania,DEU,Masa monetaria (moneda local actual),FM.LBL.BMNY.CN,,,,,
56,Djibouti,DJI,Masa monetaria (moneda local actual),FM.LBL.BMNY.CN,3.71E+11,3.50E+11,3.81E+11,4.54E+11,
57,Dominica,DMA,Masa monetaria (moneda local actual),FM.LBL.BMNY.CN,1757020000,1784536394,1574243690,1389111828,
58,Dinamarca,DNK,Masa monetaria (moneda local actual),FM.LBL.BMNY.CN,1.34E+12,1.36E+12,1.44E+12,1.58E+12,
59,República Dominicana,DOM,Masa monetaria (moneda local actual),FM.LBL.BMNY.CN,1.31E+12,1.40E+12,1.57E+12,1.91E+12,
60,Argelia,DZA,Masa monetaria (moneda local actual),FM.LBL.BMNY.CN,1.50E+13,1.66E+13,1.65E+13,1.77E+13,
61,Asia oriental y el Pací­fico (excluido altos ingresos),EAP,Masa monetaria (moneda local actual),FM.LBL.BMNY.CN,,,,,
62,inicial del dividendo demografico,EAR,Masa monetaria (moneda local actual),FM.LBL.BMNY.CN,,,,,
63,Asia oriental y el Pacífico,EAS,Masa monetaria (moneda local actual),FM.LBL.BMNY.CN,,,,,
64,Europa y Asia central (excluido altos ingresos),ECA,Masa monetaria (moneda local actual),FM.LBL.BMNY.CN,,,,,
65,Europa y Asia central,ECS,Masa monetaria (moneda local actual),FM.LBL.BMNY.CN,,,,,
66,Ecuador,ECU,Masa monetaria (moneda local actual),FM.LBL.BMNY.CN,38745337920,40557270730,44148605459,48545077540,
67,"Egipto, República Arabe de",EGY,Masa monetaria (moneda local actual),FM.LBL.BMNY.CN,3.20E+12,3.63E+12,4.11E+12,4.92E+12,
68,Zona del Euro,EMU,Masa monetaria (moneda local actual),FM.LBL.BMNY.CN,,,,,
69,Eritrea,ERI,Masa monetaria (moneda local actual),FM.LBL.BMNY.CN,,,,,
70,España,ESP,Masa monetaria (moneda local actual),FM.LBL.BMNY.CN,,,,,
71,Estonia,EST,Masa monetaria (moneda local actual),FM.LBL.BMNY.CN,,,,,
72,Etopía,ETH,Masa monetaria (moneda local actual),FM.LBL.BMNY.CN,,,,,
73,Unión Europea,EUU,Masa monetaria (moneda local actual),FM.LBL.BMNY.CN,,,,,
74,Fragiles y situaciones de conflicto afectados,FCS,Masa monetaria (moneda local actual),FM.LBL.BMNY.CN,,,,,
75,Finlandia,FIN,Masa monetaria (moneda local actual),FM.LBL.BMNY.CN,,,,,
76,Fiji,FJI,Masa monetaria (moneda local actual),FM.LBL.BMNY.CN,8167148472,8397159331,8623376773,8724485009,
77,Francia,FRA,Masa monetaria (moneda local actual),FM.LBL.BMNY.CN,,,,,
78,Islas Feroe,FRO,Masa monetaria (moneda local actual),FM.LBL.BMNY.CN,,,,,
79,Micronesia (Estados Federados de),FSM,Masa monetaria (moneda local actual),FM.LBL.BMNY.CN,240929000,246544000,249039000,287959000,
80,Gabón,GAB,Masa monetaria (moneda local actual),FM.LBL.BMNY.CN,1.68E+12,2.24E+12,2.27E+12,,
81,Reino Unido,GBR,Masa monetaria (moneda local actual),FM.LBL.BMNY.CN,3.03E+12,3.19E+12,3.14E+12,3.45E+12,
82,Georgia,GEO,Masa monetaria (moneda local actual),FM.LBL.BMNY.CN,18416278044,21124724422,24643670676,30379590000,
83,Ghana,GHA,Masa monetaria (moneda local actual),FM.LBL.BMNY.CN,66982825964,77539928576,94098262048,1.21E+11,
84,Gibraltar,GIB,Masa monetaria (moneda local actual),FM.LBL.BMNY.CN,,,,,
85,Guinea,GIN,Masa monetaria (moneda local actual),FM.LBL.BMNY.CN,2.16E+13,2.37E+13,2.93E+13,3.59E+13,
86,Gambia,GMB,Masa monetaria (moneda local actual),FM.LBL.BMNY.CN,26853215791,31753642973,40330593453,49408209331,
87,Guinea-Bissau,GNB,Masa monetaria (moneda local actual),FM.LBL.BMNY.CN,3.44E+11,3.65E+11,3.66E+11,3.99E+11,
88,Guinea Ecuatorial,GNQ,Masa monetaria (moneda local actual),FM.LBL.BMNY.CN,9.02E+11,8.95E+11,8.30E+11,,
89,Grecia,GRC,Masa monetaria (moneda local actual),FM.LBL.BMNY.CN,,,,,
90,Granada,GRD,Masa monetaria (moneda local actual),FM.LBL.BMNY.CN,2514510000,2747007126,2691253860,2658779445,
91,Groenlandia,GRL,Masa monetaria (moneda local actual),FM.LBL.BMNY.CN,,,,,
92,Guatemala,GTM,Masa monetaria (moneda local actual),FM.LBL.BMNY.CN,2.67E+11,2.93E+11,3.19E+11,3.77E+11,
93,Guam,GUM,Masa monetaria (moneda local actual),FM.LBL.BMNY.CN,,,,,
94,Guyana,GUY,Masa monetaria (moneda local actual),FM.LBL.BMNY.CN,4.64E+11,4.91E+11,5.62E+11,6.44E+11,
95,Ingreso alto,HIC,Masa monetaria (moneda local actual),FM.LBL.BMNY.CN,,,,,
96,"Hong Kong, Región Administrativa Especial",HKG,Masa monetaria (moneda local actual),FM.LBL.BMNY.CN,1.05E+13,1.09E+13,1.15E+13,1.22E+13,
97,Honduras,HND,Masa monetaria (moneda local actual),FM.LBL.BMNY.CN,3.19E+11,3.42E+11,3.82E+11,4.52E+11,
98,Países pobres muy endeudados (PPME),HPC,Masa monetaria (moneda local actual),FM.LBL.BMNY.CN,,,,,
99,Croacia,HRV,Masa monetaria (moneda local actual),FM.LBL.BMNY.CN,2.61E+11,2.83E+11,2.94E+11,3.28E+11,
100,Haitú,HTI,Masa monetaria (moneda local actual),FM.LBL.BMNY.CN,2.79E+11,3.33E+11,3.78E+11,3.94E+11,
101,Hungría,HUN,Masa monetaria (moneda local actual),FM.LBL.BMNY.CN,2.29E+13,2.56E+13,2.77E+13,3.36E+13,
102,Sólo BIRF,IBD,Masa monetaria (moneda local actual),FM.LBL.BMNY.CN,,,,,
103,BIRF y la AIF,IBT,Masa monetaria (moneda local actual),FM.LBL.BMNY.CN,,,,,
104,total de la AIF,IDA,Masa monetaria (moneda local actual),FM.LBL.BMNY.CN,,,,,
105,mezcla de la AIF,IDB,Masa monetaria (moneda local actual),FM.LBL.BMNY.CN,,,,,
106,Indonesia,IDN,Masa monetaria (moneda local actual),FM.LBL.BMNY.CN,5.42E+20,5.76E+20,6.14E+20,6.91E+20,
107,Sólo AIF,IDX,Masa monetaria (moneda local actual),FM.LBL.BMNY.CN,,,,,
108,Isla de Man,IMN,Masa monetaria (moneda local actual),FM.LBL.BMNY.CN,,,,,
109,India,IND,Masa monetaria (moneda local actual),FM.LBL.BMNY.CN,1.27E+14,1.40E+14,1.55E+14,1.74E+14,
110,No clasificado,INX,Masa monetaria (moneda local actual),FM.LBL.BMNY.CN,,,,,
111,Irlanda,IRL,Masa monetaria (moneda local actual),FM.LBL.BMNY.CN,,,,,
112,"Iran, República Islamica del",IRN,Masa monetaria (moneda local actual),FM.LBL.BMNY.CN,,,,,
113,Iraq,IRQ,Masa monetaria (moneda local actual),FM.LBL.BMNY.CN,9.29E+13,9.54E+13,1.03E+14,1.20E+14,
114,Islandia,ISL,Masa monetaria (moneda local actual),FM.LBL.BMNY.CN,1.73E+12,1.85E+12,1.97E+12,2.11E+12,
115,Israel,ISR,Masa monetaria (moneda local actual),FM.LBL.BMNY.CN,1.09E+12,1.13E+12,1.22E+12,1.49E+12,
116,Italia,ITA,Masa monetaria (moneda local actual),FM.LBL.BMNY.CN,,,,,
117,Jamaica,JAM,Masa monetaria (moneda local actual),FM.LBL.BMNY.CN,9.93E+11,1.09E+12,1.19E+12,1.41E+12,
118,Jordania,JOR,Masa monetaria (moneda local actual),FM.LBL.BMNY.CN,31910444405,31960368736,33600074149,35527131079,
119,Japón,JPN,Masa monetaria (moneda local actual),FM.LBL.BMNY.CN,1.35E+20,1.38E+20,1.41E+19,1.51E+20,
120,Kazajstan,KAZ,Masa monetaria (moneda local actual),FM.LBL.BMNY.CN,1.95E+13,2.08E+13,2.13E+13,2.49E+13,
121,Kenya,KEN,Masa monetaria (moneda local actual),FM.LBL.BMNY.CN,3.34E+12,3.68E+12,3.90E+12,4.41E+12,
122,Kirguistan,KGZ,Masa monetaria (moneda local actual),FM.LBL.BMNY.CN,1.93E+11,2.04E+11,2.30E+11,2.85E+11,
123,Camboya,KHM,Masa monetaria (moneda local actual),FM.LBL.BMNY.CN,7.92E+13,1.00E+14,1.18E+14,1.37E+14,
124,Kiribati,KIR,Masa monetaria (moneda local actual),FM.LBL.BMNY.CN,,,,,
125,Saint Kitts y Nevis,KNA,Masa monetaria (moneda local actual),FM.LBL.BMNY.CN,3647740000,3553848570,3016592410,2771547080,
126,"Corea, República de",KOR,Masa monetaria (moneda local actual),FM.LBL.BMNY.CN,2.53E+20,2.70E+20,2.91E+20,3.20E+20,
127,Kuwait,KWT,Masa monetaria (moneda local actual),FM.LBL.BMNY.CN,37147850400,38606413600,38129244000,39142868900,
128,América Latina y el Caribe (excluido altos ingresos),LAC,Masa monetaria (moneda local actual),FM.LBL.BMNY.CN,,,,,
129,República Democratica Popular Lao,LAO,Masa monetaria (moneda local actual),FM.LBL.BMNY.CN,,,,,
130,Líbano,LBN,Masa monetaria (moneda local actual),FM.LBL.BMNY.CN,2.08E+14,,,,
131,Liberia,LBR,Masa monetaria (moneda local actual),FM.LBL.BMNY.CN,"680309617,9","700940239,5",,,
132,Libia,LBY,Masa monetaria (moneda local actual),FM.LBL.BMNY.CN,1.06E+11,1.05E+11,1.03E+11,1.20E+11,
133,Santa Lucía,LCA,Masa monetaria (moneda local actual),FM.LBL.BMNY.CN,3717260000,3901634656,3576173280,3122368804,
134,América Latina y el Caribe,LCN,Masa monetaria (moneda local actual),FM.LBL.BMNY.CN,,,,,
135,Países menos desarrollados: clasificación de las Naciones Unidas,LDC,Masa monetaria (moneda local actual),FM.LBL.BMNY.CN,,,,,
136,Países de ingreso bajo,LIC,Masa monetaria (moneda local actual),FM.LBL.BMNY.CN,,,,,
137,Liechtenstein,LIE,Masa monetaria (moneda local actual),FM.LBL.BMNY.CN,,,,,
138,Sri Lanka,LKA,Masa monetaria (moneda local actual),FM.LBL.BMNY.CN,7.84E+12,8.73E+12,9.46E+12,,
139,Países de ingreso mediano bajo,LMC,Masa monetaria (moneda local actual),FM.LBL.BMNY.CN,,,,,
140,Ingreso mediano y bajo,LMY,Masa monetaria (moneda local actual),FM.LBL.BMNY.CN,,,,,
141,Lesotho,LSO,Masa monetaria (moneda local actual),FM.LBL.BMNY.CN,12105974458,13400596765,12195220748,14282899616,
142,avanzada del dividendo demografico,LTE,Masa monetaria (moneda local actual),FM.LBL.BMNY.CN,,,,,
143,Lituania,LTU,Masa monetaria (moneda local actual),FM.LBL.BMNY.CN,,,,,
144,Luxemburgo,LUX,Masa monetaria (moneda local actual),FM.LBL.BMNY.CN,,,,,
145,Letonia,LVA,Masa monetaria (moneda local actual),FM.LBL.BMNY.CN,,,,,
146,"Región Administrativa Especial de Macao, China",MAC,Masa monetaria (moneda local actual),FM.LBL.BMNY.CN,5.91E+11,6.51E+11,6.88E+11,6.92E+11,
147,Isla de San Martín (parte francesa),MAF,Masa monetaria (moneda local actual),FM.LBL.BMNY.CN,,,,,
148,Marruecos,MAR,Masa monetaria (moneda local actual),FM.LBL.BMNY.CN,1.27E+12,1.32E+12,1.37E+12,1.49E+12,
149,Mónaco,MCO,Masa monetaria (moneda local actual),FM.LBL.BMNY.CN,,,,,
150,República de Moldova,MDA,Masa monetaria (moneda local actual),FM.LBL.BMNY.CN,77055880000,83194003896,89950706570,1.08E+11,
151,Madagascar,MDG,Masa monetaria (moneda local actual),FM.LBL.BMNY.CN,1.05E+13,1.18E+13,1.26E+13,1.40E+13,
152,Maldivas,MDV,Masa monetaria (moneda local actual),FM.LBL.BMNY.CN,32005875289,33088326227,36241440260,41384961351,
153,Oriente Medio y Norte de Ãfrica,MEA,Masa monetaria (moneda local actual),FM.LBL.BMNY.CN,,,,,
154,México,MEX,Masa monetaria (moneda local actual),FM.LBL.BMNY.CN,8.44E+12,8.82E+12,9.24E+12,1.05E+13,
155,Islas Marshall,MHL,Masa monetaria (moneda local actual),FM.LBL.BMNY.CN,,,,,
156, Ingreso mediano,MIC,Masa monetaria (moneda local actual),FM.LBL.BMNY.CN,,,,,
157,Macedonia del Norte,MKD,Masa monetaria (moneda local actual),FM.LBL.BMNY.CN,3.37E+11,3.73E+11,4.04E+11,4.36E+11,
158,Malí,MLI,Masa monetaria (moneda local actual),FM.LBL.BMNY.CN,2.40E+12,2.74E+12,2.99E+12,3.66E+12,
159,Malta,MLT,Masa monetaria (moneda local actual),FM.LBL.BMNY.CN,,,,,
160,Myanmar,MMR,Masa monetaria (moneda local actual),FM.LBL.BMNY.CN,4.77E+13,5.47E+13,6.32E+13,7.47E+13,
161,Oriente Medio y Norte de Africa(excluido altos ingresos),MNA,Masa monetaria (moneda local actual),FM.LBL.BMNY.CN,,,,,
162,Montenegro,MNE,Masa monetaria (moneda local actual),FM.LBL.BMNY.CN,2544913922,2624968699,2581165197,2484414615,
163,Mongolia,MNG,Masa monetaria (moneda local actual),FM.LBL.BMNY.CN,1.59E+13,1.95E+13,2.08E+13,2.42E+13,
164,Mariana,MNP,Masa monetaria (moneda local actual),FM.LBL.BMNY.CN,,,,,
165,Mozambique,MOZ,Masa monetaria (moneda local actual),FM.LBL.BMNY.CN,3.86E+11,4.18E+11,4.68E+11,5.79E+11,
166,Mauritania,MRT,Masa monetaria (moneda local actual),FM.LBL.BMNY.CN,67494163306,74858513287,82306489466,,
167,Mauricio,MUS,Masa monetaria (moneda local actual),FM.LBL.BMNY.CN,5.22E+11,5.55E+11,6.02E+11,7.04E+11,
168,Malawi,MWI,Masa monetaria (moneda local actual),FM.LBL.BMNY.CN,,,,,
169,Malasia,MYS,Masa monetaria (moneda local actual),FM.LBL.BMNY.CN,1.68E+12,1.81E+12,1.86E+12,1.95E+12,
170,América del Norte,NAC,Masa monetaria (moneda local actual),FM.LBL.BMNY.CN,,,,,
171,Namibia,NAM,Masa monetaria (moneda local actual),FM.LBL.BMNY.CN,98077548554,1.04E+11,1.15E+11,1.25E+11,
172,Nueva Caledonia,NCL,Masa monetaria (moneda local actual),FM.LBL.BMNY.CN,,,,,
173,Níger,NER,Masa monetaria (moneda local actual),FM.LBL.BMNY.CN,1.15E+12,1.13E+12,1.30E+12,1.52E+12,
174,Nigeria,NGA,Masa monetaria (moneda local actual),FM.LBL.BMNY.CN,2.85E+13,3.27E+13,3.49E+13,3.89E+13,
175,Nicaragua,NIC,Masa monetaria (moneda local actual),FM.LBL.BMNY.CN,1.74E+11,1.42E+11,1.50E+11,1.74E+11,
176,Paises Bajos,NLD,Masa monetaria (moneda local actual),FM.LBL.BMNY.CN,,,,,
177,Noruega,NOR,Masa monetaria (moneda local actual),FM.LBL.BMNY.CN,2.15E+12,2.26E+12,2.35E+12,2.63E+12,
178,Nepal,NPL,Masa monetaria (moneda local actual),FM.LBL.BMNY.CN,2.75E+12,3.29E+12,3.75E+12,4.58E+12,
179,Nauru,NRU,Masa monetaria (moneda local actual),FM.LBL.BMNY.CN,,,,,
180,Nueva Zelandia,NZL,Masa monetaria (moneda local actual),FM.LBL.BMNY.CN,2.93E+11,3.11E+11,3.26E+11,3.66E+11,
181,Miembros OCDE,OED,Masa monetaria (moneda local actual),FM.LBL.BMNY.CN,,,,,
182,Oman,OMN,Masa monetaria (moneda local actual),FM.LBL.BMNY.CN,16068800000,,,,
183,Otros Estados pequeos,OSS,Masa monetaria (moneda local actual),FM.LBL.BMNY.CN,,,,,
184,Pakistan,PAK,Masa monetaria (moneda local actual),FM.LBL.BMNY.CN,1.83E+13,2.01E+13,2.24E+13,2.59E+13,
185,Panama,PAN,Masa monetaria (moneda local actual),FM.LBL.BMNY.CN,,,,,
186,Perú,PER,Masa monetaria (moneda local actual),FM.LBL.BMNY.CN,3.27E+11,3.45E+11,3.74E+11,,
187,Filipinas,PHL,Masa monetaria (moneda local actual),FM.LBL.BMNY.CN,1.25E+13,1.36E+13,1.50E+13,1.62E+13,
188,Palau,PLW,Masa monetaria (moneda local actual),FM.LBL.BMNY.CN,,,,,
189,Papua Nueva Guinea,PNG,Masa monetaria (moneda local actual),FM.LBL.BMNY.CN,22207577879,21368074687,22311991968,,
190,Polonia,POL,Masa monetaria (moneda local actual),FM.LBL.BMNY.CN,1.32E+12,1.45E+12,1.57E+12,1.82E+12,
191,previa al dividendo demografico,PRE,Masa monetaria (moneda local actual),FM.LBL.BMNY.CN,,,,,
192,Puerto Rico,PRI,Masa monetaria (moneda local actual),FM.LBL.BMNY.CN,,,,,
193,"Corea, República Popular Democratica de",PRK,Masa monetaria (moneda local actual),FM.LBL.BMNY.CN,,,,,
194,Portugal,PRT,Masa monetaria (moneda local actual),FM.LBL.BMNY.CN,,,,,
195,Paraguay,PRY,Masa monetaria (moneda local actual),FM.LBL.BMNY.CN,9.38E+13,1.01E+14,1.11E+14,1.32E+14,
196,Ribera Occidental y Gaza,PSE,Masa monetaria (moneda local actual),FM.LBL.BMNY.CN,10993206000,11411870185,,,
197,Estados pequeos de las Islas del Pacfico,PSS,Masa monetaria (moneda local actual),FM.LBL.BMNY.CN,,,,,
198,posterior al dividendo demografico,PST,Masa monetaria (moneda local actual),FM.LBL.BMNY.CN,,,,,
199,Polinesia Francesa,PYF,Masa monetaria (moneda local actual),FM.LBL.BMNY.CN,,,,,
200,Qatar,QAT,Masa monetaria (moneda local actual),FM.LBL.BMNY.CN,6.03E+11,5.64E+11,5.78E+11,6.00E+11,
201,Rumania,ROU,Masa monetaria (moneda local actual),FM.LBL.BMNY.CN,3.50E+11,3.81E+11,4.23E+11,4.87E+11,
202,Federación de Rusia,RUS,Masa monetaria (moneda local actual),FM.LBL.BMNY.CN,5.47E+13,6.14E+13,6.45E+13,7.53E+13,
203,Rwanda,RWA,Masa monetaria (moneda local actual),FM.LBL.BMNY.CN,1.52E+12,1.80E+12,2.08E+12,2.52E+12,
204,Asia meridional,SAS,Masa monetaria (moneda local actual),FM.LBL.BMNY.CN,,,,,
205,Arabia Saudita,SAU,Masa monetaria (moneda local actual),FM.LBL.BMNY.CN,1.81E+12,,,,
206,Sudan,SDN,Masa monetaria (moneda local actual),FM.LBL.BMNY.CN,2.03E+11,4.31E+11,6.90E+11,1.30E+12,
207,Senegal,SEN,Masa monetaria (moneda local actual),FM.LBL.BMNY.CN,4.61E+12,5.26E+12,5.69E+12,6.39E+12,
208,Singapur,SGP,Masa monetaria (moneda local actual),FM.LBL.BMNY.CN,5.80E+11,6.03E+11,6.33E+11,7.16E+11,
209,Islas Salomón,SLB,Masa monetaria (moneda local actual),FM.LBL.BMNY.CN,4907824972,5242891509,5082247975,5418382431,
210,Sierra Leona,SLE,Masa monetaria (moneda local actual),FM.LBL.BMNY.CN,6.52E+12,7.46E+12,8.53E+12,1.18E+13,
211,El Salvador,SLV,Masa monetaria (moneda local actual),FM.LBL.BMNY.CN,13449063524,14265242883,15877952817,17286700991,
212,San Marino,SMR,Masa monetaria (moneda local actual),FM.LBL.BMNY.CN,,,,,
213,Somalia,SOM,Masa monetaria (moneda local actual),FM.LBL.BMNY.CN,,,,,
214,Serbia,SRB,Masa monetaria (moneda local actual),FM.LBL.BMNY.CN,2.28E+12,2.61E+12,2.82E+12,3.33E+12,
215,Africaal sur del Sahara (excluido altos ingresos),SSA,Masa monetaria (moneda local actual),FM.LBL.BMNY.CN,,,,,
216,Sudan del Sur,SSD,Masa monetaria (moneda local actual),FM.LBL.BMNY.CN,69416167765,1.05E+11,1.33E+11,2.08E+11,
217,Africaal sur del Sahara,SSF,Masa monetaria (moneda local actual),FM.LBL.BMNY.CN,,,,,
218,Pequeños Estados,SST,Masa monetaria (moneda local actual),FM.LBL.BMNY.CN,,,,,
219,Santo Tomé y Príncipe,STP,Masa monetaria (moneda local actual),FM.LBL.BMNY.CN,2697337256,3106421585,3041850430,3364425707,
220,Suriname,SUR,Masa monetaria (moneda local actual),FM.LBL.BMNY.CN,17600445407,19195848404,20288949038,32879114249,
221,República Eslovaca,SVK,Masa monetaria (moneda local actual),FM.LBL.BMNY.CN,,,,,
222,Eslovenia,SVN,Masa monetaria (moneda local actual),FM.LBL.BMNY.CN,,,,,
223,Suecia,SWE,Masa monetaria (moneda local actual),FM.LBL.BMNY.CN,3.37E+12,3.49E+12,3.74E+12,4.42E+12,
224,Eswatini,SWZ,Masa monetaria (moneda local actual),FM.LBL.BMNY.CN,17343038568,18047643034,18368609840,21205786100,
225,Sint Maarten (Dutch part),SXM,Masa monetaria (moneda local actual),FM.LBL.BMNY.CN,,,,,
226,Seychelles,SYC,Masa monetaria (moneda local actual),FM.LBL.BMNY.CN,15887764122,17114542832,19457810074,25160161222,
227,República Ãrabe Siria,SYR,Masa monetaria (moneda local actual),FM.LBL.BMNY.CN,,,,,
228,Islas Turcas y Caicos,TCA,Masa monetaria (moneda local actual),FM.LBL.BMNY.CN,,,,,
229,Chad,TCD,Masa monetaria (moneda local actual),FM.LBL.BMNY.CN,9.08E+11,9.15E+11,1.12E+12,,
230,Asia oriental y el Pacífico (BIRF y la AIF),TEA,Masa monetaria (moneda local actual),FM.LBL.BMNY.CN,,,,,
231,Europa y Asia central (BIRF y la AIF),TEC,Masa monetaria (moneda local actual),FM.LBL.BMNY.CN,,,,,
232,Togo,TGO,Masa monetaria (moneda local actual),FM.LBL.BMNY.CN,1.58E+12,1.73E+12,1.80E+12,2.01E+12,
233,Tailandia,THA,Masa monetaria (moneda local actual),FM.LBL.BMNY.CN,1.92E+13,2.01E+13,2.08E+13,,
234,Tayikistan,TJK,Masa monetaria (moneda local actual),FM.LBL.BMNY.CN,18017686230,18944669488,22154740519,26252903050,
235,Turkmenistan,TKM,Masa monetaria (moneda local actual),FM.LBL.BMNY.CN,,,,,
236,América Latina y el Caribe (BIRF y la AIF),TLA,Masa monetaria (moneda local actual),FM.LBL.BMNY.CN,,,,,
237,Timor-Leste,TLS,Masa monetaria (moneda local actual),FM.LBL.BMNY.CN,822896000,"848586582,5","788263689,8",,
238,Oriente Medio y Norte de Africa(BIRF y la AIF),TMN,Masa monetaria (moneda local actual),FM.LBL.BMNY.CN,,,,,
239,Tonga,TON,Masa monetaria (moneda local actual),FM.LBL.BMNY.CN,"560569916,1","605250119,2","602224402,3","707496412,9",
240,Asia meridional (BIRF y la AIF),TSA,Masa monetaria (moneda local actual),FM.LBL.BMNY.CN,,,,,
241,Africaal sur del Sahara (BIRF y la AIF),TSS,Masa monetaria (moneda local actual),FM.LBL.BMNY.CN,,,,,
242,Trinidad y Tobago,TTO,Masa monetaria (moneda local actual),FM.LBL.BMNY.CN,1.06E+11,1.07E+11,1.10E+11,1.18E+11,
243,Túnez,TUN,Masa monetaria (moneda local actual),FM.LBL.BMNY.CN,71067241200,76122916300,84456534600,93155090268,
244,Turquía,TUR,Masa monetaria (moneda local actual),FM.LBL.BMNY.CN,1.69E+12,2.00E+12,2.54E+12,3.41E+12,
245,Tuvalu,TUV,Masa monetaria (moneda local actual),FM.LBL.BMNY.CN,,,,,
246,Tanzanía,TZA,Masa monetaria (moneda local actual),FM.LBL.BMNY.CN,2.47E+13,2.58E+13,2.83E+13,2.99E+13,
247,Uganda,UGA,Masa monetaria (moneda local actual),FM.LBL.BMNY.CN,2.16E+13,2.34E+13,2.71E+13,3.18E+13,
248,Ucrania,UKR,Masa monetaria (moneda local actual),FM.LBL.BMNY.CN,1.21E+12,1.28E+12,1.44E+12,1.85E+12,
249,Ingreso mediano alto,UMC,Masa monetaria (moneda local actual),FM.LBL.BMNY.CN,,,,,
250,Uruguay,URY,Masa monetaria (moneda local actual),FM.LBL.BMNY.CN,8.25E+11,9.23E+11,1.07E+12,1.33E+12,
251,Estados Unidos,USA,Masa monetaria (moneda local actual),FM.LBL.BMNY.CN,1.76E+13,1.83E+13,1.99E+13,2.33E+13,
252,Uzbekistan,UZB,Masa monetaria (moneda local actual),FM.LBL.BMNY.CN,7.08E+13,8.02E+13,9.13E+13,1.08E+14,
253,San Vicente y las Granadinas,VCT,Masa monetaria (moneda local actual),FM.LBL.BMNY.CN,1648260000,1668682415,1758813340,1643467314,
254,Venezuela,VEN,Masa monetaria (moneda local actual),FM.LBL.BMNY.CN,,,,,
255,Islas Vírgenes Britanicas,VGB,Masa monetaria (moneda local actual),FM.LBL.BMNY.CN,,,,,
256,Islas Vírgenes (EE.UU.),VIR,Masa monetaria (moneda local actual),FM.LBL.BMNY.CN,,,,,
257,Viet Nam,VNM,Masa monetaria (moneda local actual),FM.LBL.BMNY.CN,7.77E+20,8.76E+20,9.95E+20,1.13E+21,
258,Vanuatu,VUT,Masa monetaria (moneda local actual),FM.LBL.BMNY.CN,78660690285,88955523521,95102448978,94570772577,
259,Mundo,WLD,Masa monetaria (moneda local actual),FM.LBL.BMNY.CN,,,,,
260,Samoa,WSM,Masa monetaria (moneda local actual),FM.LBL.BMNY.CN,1092088000,1187743000,1242865000,1309902000,
261,Kosovo,XKX,Masa monetaria (moneda local actual),FM.LBL.BMNY.CN,2811619011,3037831977,3419716401,3943475423,
262,"Yemen, Rep. del",YEM,Masa monetaria (moneda local actual),FM.LBL.BMNY.CN,,,,,
263,Sudafrica,ZAF,Masa monetaria (moneda local actual),FM.LBL.BMNY.CN,3.36E+12,3.55E+12,3.76E+12,4.12E+12,
264,Zambia,ZMB,Masa monetaria (moneda local actual),FM.LBL.BMNY.CN,54084937883,62997058168,70900180663,1.04E+11,
265,Zimbabwe,ZWE,Masa monetaria (moneda local actual),FM.LBL.BMNY.CN,7817278646,10009905269,35018179945,2.05E+11,
