Country Name,Country Code,Indicator Name,Indicator Code,2017,2018,2019,2020,2021
Aruba,ABW,"Inversion extranjera directa, entrada neta de capital (% del PIB)",BX.KLT.DINV.WD.GD.ZS,"5,254,015,487","4,244,572,582","-2,272,666,799","6,572,317,635",
,AFE,"Inversion extranjera directa, entrada neta de capital (% del PIB)",BX.KLT.DINV.WD.GD.ZS,"0,9837084746","1,367,465,027","1,389,270,286","1,366,105,533",
Afganistán,AFG,"Inversion extranjera directa, entrada neta de capital (% del PIB)",BX.KLT.DINV.WD.GD.ZS,"0,2747965991","0,6615720019","0,1244959439","0,06447633446",
,AFW,"Inversion extranjera directa, entrada neta de capital (% del PIB)",BX.KLT.DINV.WD.GD.ZS,"2,583,174,144","2,090,089,663","2,162,984,411","2,104,491,178",
Angola,AGO,"Inversion extranjera directa, entrada neta de capital (% del PIB)",BX.KLT.DINV.WD.GD.ZS,"-1,072,495,142","-8,299,051,825","-5,913,333,838","-3,480,978,078",
Albania,ALB,"Inversion extranjera directa, entrada neta de capital (% del PIB)",BX.KLT.DINV.WD.GD.ZS,"7,855,470,516","7,946,351,351","7,797,918,141","7,069,484,097",
Andorra,AND,"Inversion extranjera directa, entrada neta de capital (% del PIB)",BX.KLT.DINV.WD.GD.ZS,,,,,
El mundo árabe,ARB,"Inversion extranjera directa, entrada neta de capital (% del PIB)",BX.KLT.DINV.WD.GD.ZS,"1,170,805,536","1,221,468,529","1,399,579,305","1,577,376,555",
Emiratos Árabes Unidos,ARE,"Inversion extranjera directa, entrada neta de capital (% del PIB)",BX.KLT.DINV.WD.GD.ZS,"2,685,185,459","245,971,482","4,284,274,398","5,540,874,712",
Argentina,ARG,"Inversion extranjera directa, entrada neta de capital (% del PIB)",BX.KLT.DINV.WD.GD.ZS,"1,789,364,285","2,232,532,213","1,471,464,438","103,160,799",
Armenia,ARM,"Inversion extranjera directa, entrada neta de capital (% del PIB)",BX.KLT.DINV.WD.GD.ZS,"2,176,846,777","2,141,806,067","0,7411992401","0,3732520913",
Samoa Americana,ASM,"Inversion extranjera directa, entrada neta de capital (% del PIB)",BX.KLT.DINV.WD.GD.ZS,,,,,
Antigua y Barbuda,ATG,"Inversion extranjera directa, entrada neta de capital (% del PIB)",BX.KLT.DINV.WD.GD.ZS,"1,030,476,282","1,275,541,809","757,100,155","5,365,871,269",
Australia,AUS,"Inversion extranjera directa, entrada neta de capital (% del PIB)",BX.KLT.DINV.WD.GD.ZS,"3,632,469,395","4,292,849,405","2,809,090,017","1,385,989,118",
Austria,AUT,"Inversion extranjera directa, entrada neta de capital (% del PIB)",BX.KLT.DINV.WD.GD.ZS,"323,990,498","-6,284,657,043","-2,948,459,382","-4,204,124,881",
Azerbaiyán,AZE,"Inversion extranjera directa, entrada neta de capital (% del PIB)",BX.KLT.DINV.WD.GD.ZS,"7,016,879,437","2,977,946,112","3,121,830,561","1,187,903,872",
Burundi,BDI,"Inversion extranjera directa, entrada neta de capital (% del PIB)",BX.KLT.DINV.WD.GD.ZS,"0,01166798064","0,03698125591","0,04048238358","0,2178409363",
Bélgica,BEL,"Inversion extranjera directa, entrada neta de capital (% del PIB)",BX.KLT.DINV.WD.GD.ZS,"-7,416,757,538","-765,649,927","-5,617,632,907","-3,368,107,512",
Benin,BEN,"Inversion extranjera directa, entrada neta de capital (% del PIB)",BX.KLT.DINV.WD.GD.ZS,"1,581,705,088","1,360,735,835","1,516,207,775","1,111,838,789",
Burkina Faso,BFA,"Inversion extranjera directa, entrada neta de capital (% del PIB)",BX.KLT.DINV.WD.GD.ZS,"0,01823703264","1,689,199,557","1,007,346,446","-0,5507975031",
Bangladesh,BGD,"Inversion extranjera directa, entrada neta de capital (% del PIB)",BX.KLT.DINV.WD.GD.ZS,"0,6162952066","0,7535109826","0,5432336492","0,4079442236",
Bulgaria,BGR,"Inversion extranjera directa, entrada neta de capital (% del PIB)",BX.KLT.DINV.WD.GD.ZS,"3,390,724,217","2,727,195,092","3,223,154,012","5,186,069,313",
Bahrein,BHR,"Inversion extranjera directa, entrada neta de capital (% del PIB)",BX.KLT.DINV.WD.GD.ZS,"1,462,722,688","0,2940854905","3,884,090,322","2,899,054,153",
Bahamas,BHS,"Inversion extranjera directa, entrada neta de capital (% del PIB)",BX.KLT.DINV.WD.GD.ZS,"2,464,779,351","385,240,196","3,655,246,092","4,480,641,268",
Bosnia y Herzegovina,BIH,"Inversion extranjera directa, entrada neta de capital (% del PIB)",BX.KLT.DINV.WD.GD.ZS,"2,817,782,479","2,982,458,849","2,166,756,575","2,056,312,295",
Belarús,BLR,"Inversion extranjera directa, entrada neta de capital (% del PIB)",BX.KLT.DINV.WD.GD.ZS,"2,332,138,504","2,376,261,878","1,976,877,774","2,263,147,347",
Belice,BLZ,"Inversion extranjera directa, entrada neta de capital (% del PIB)",BX.KLT.DINV.WD.GD.ZS,"1,725,378,071","6,465,901,769","4,827,668,954","4,805,833,216",
Bermudas,BMU,"Inversion extranjera directa, entrada neta de capital (% del PIB)",BX.KLT.DINV.WD.GD.ZS,"-4,033,835,397","1,320,463,261","0,05913446753","6,924,462,198",
Bolivia,BOL,"Inversion extranjera directa, entrada neta de capital (% del PIB)",BX.KLT.DINV.WD.GD.ZS,"1,899,493,281","0,7505247809","-0,5297350113","-3,083,516,483",
Brasil,BRA,"Inversion extranjera directa, entrada neta de capital (% del PIB)",BX.KLT.DINV.WD.GD.ZS,"3,338,260,284","4,077,487,084","3,692,673,304","260,853,064",
Barbados,BRB,"Inversion extranjera directa, entrada neta de capital (% del PIB)",BX.KLT.DINV.WD.GD.ZS,"4,138,385,701","4,739,711,132","4,060,396,991","5,589,040,324",
Brunei Darussalam,BRN,"Inversion extranjera directa, entrada neta de capital (% del PIB)",BX.KLT.DINV.WD.GD.ZS,"3,858,208,317","3,804,741,353","2,771,141,484","4,710,565,406",
Bhután,BTN,"Inversion extranjera directa, entrada neta de capital (% del PIB)",BX.KLT.DINV.WD.GD.ZS,"-0,6755630463","0,1082794837","0,5131363166","-0,1203643947",
Botswana,BWA,"Inversion extranjera directa, entrada neta de capital (% del PIB)",BX.KLT.DINV.WD.GD.ZS,"1,619,642,221","1,690,616,757","0,5606585432","0,53625163",
República Centroafricana,CAF,"Inversion extranjera directa, entrada neta de capital (% del PIB)",BX.KLT.DINV.WD.GD.ZS,"0,3324125503","0,8106126009","1,152,529,651","149,339,769",
Canadá,CAN,"Inversion extranjera directa, entrada neta de capital (% del PIB)",BX.KLT.DINV.WD.GD.ZS,"153,752,072","2,469,312,073","278,685,844","1,614,085,262",
Europa Central y del Báltico,CEB,"Inversion extranjera directa, entrada neta de capital (% del PIB)",BX.KLT.DINV.WD.GD.ZS,"1,978,715,371","-1,288,041,001","9,057,239,956","1,297,903,332",
Suiza,CHE,"Inversion extranjera directa, entrada neta de capital (% del PIB)",BX.KLT.DINV.WD.GD.ZS,"2,033,219,794","-2,180,547,445","1,199,139,732","-3,420,896,307",
Islas del Canal,CHI,"Inversion extranjera directa, entrada neta de capital (% del PIB)",BX.KLT.DINV.WD.GD.ZS,,,,,
Chile,CHL,"Inversion extranjera directa, entrada neta de capital (% del PIB)",BX.KLT.DINV.WD.GD.ZS,"221,729,324","2,626,803,555","4,518,053,651","3,374,387,375",
China,CHN,"Inversion extranjera directa, entrada neta de capital (% del PIB)",BX.KLT.DINV.WD.GD.ZS,"1,349,132,679","1,693,905,294","1,310,718,778","1,723,183,793",
Côte d'Ivoire,CIV,"Inversion extranjera directa, entrada neta de capital (% del PIB)",BX.KLT.DINV.WD.GD.ZS,"1,889,997,672","1,069,324,208","1,450,101,603","1,162,074,005",
Camerún,CMR,"Inversion extranjera directa, entrada neta de capital (% del PIB)",BX.KLT.DINV.WD.GD.ZS,"2,256,209,564","1,913,981,821","2,583,196,349","1,654,689,619",
"Congo, República Democrática del",COD,"Inversion extranjera directa, entrada neta de capital (% del PIB)",BX.KLT.DINV.WD.GD.ZS,"2,756,443,254","2,959,042,576","2,609,314,437","3,075,078,538",
"Congo, República del",COG,"Inversion extranjera directa, entrada neta de capital (% del PIB)",BX.KLT.DINV.WD.GD.ZS,"3,981,094,123","3,156,721,958","2,639,996,538","3,830,462,249",
Colombia,COL,"Inversion extranjera directa, entrada neta de capital (% del PIB)",BX.KLT.DINV.WD.GD.ZS,"4,392,944,901","3,380,835,767","4,329,539,104","2,759,387,886",
Comoras,COM,"Inversion extranjera directa, entrada neta de capital (% del PIB)",BX.KLT.DINV.WD.GD.ZS,"0,3637765678","0,477150042","0,359894023","0,3164964578",
Cabo Verde,CPV,"Inversion extranjera directa, entrada neta de capital (% del PIB)",BX.KLT.DINV.WD.GD.ZS,"6,312,150,566","5,730,767,473","5,206,049,802","4,349,701,353",
Costa Rica,CRI,"Inversion extranjera directa, entrada neta de capital (% del PIB)",BX.KLT.DINV.WD.GD.ZS,"4,833,275,306","4,829,438,713","4,220,940,195","338,331,924",
Estados pequeos del Caribe,CSS,"Inversion extranjera directa, entrada neta de capital (% del PIB)",BX.KLT.DINV.WD.GD.ZS,"2,777,764,035","3,758,575,773","5,199,814,786","3,724,174,739",
Cuba,CUB,"Inversion extranjera directa, entrada neta de capital (% del PIB)",BX.KLT.DINV.WD.GD.ZS,,,,,
Curacao,CUW,"Inversion extranjera directa, entrada neta de capital (% del PIB)",BX.KLT.DINV.WD.GD.ZS,"5,737,887,507","4,202,273,433","261,205,389","6,335,664,912",
Islas Caimán,CYM,"Inversion extranjera directa, entrada neta de capital (% del PIB)",BX.KLT.DINV.WD.GD.ZS,"4,851,413,538","31,398,317","1,817,790,953","1,100,202,251",
Chipre,CYP,"Inversion extranjera directa, entrada neta de capital (% del PIB)",BX.KLT.DINV.WD.GD.ZS,"6,299,100,837","-4,350,091,922","1,630,435,573","-1,325,299,147",
República Checa,CZE,"Inversion extranjera directa, entrada neta de capital (% del PIB)",BX.KLT.DINV.WD.GD.ZS,"5,138,725,412","3,343,910,398","4,258,298,877","3,470,899,706",
Alemania,DEU,"Inversion extranjera directa, entrada neta de capital (% del PIB)",BX.KLT.DINV.WD.GD.ZS,"2,966,954,512","4,195,531,565","1,843,457,695","3,711,990,747",
Djibouti,DJI,"Inversion extranjera directa, entrada neta de capital (% del PIB)",BX.KLT.DINV.WD.GD.ZS,"5,970,135,971","5,834,973,097","5,665,500,402","4,974,111,026",
Dominica,DMA,"Inversion extranjera directa, entrada neta de capital (% del PIB)",BX.KLT.DINV.WD.GD.ZS,"4,348,025,534","1,411,091,439","1,030,881,501","4,359,250,189",
Dinamarca,DNK,"Inversion extranjera directa, entrada neta de capital (% del PIB)",BX.KLT.DINV.WD.GD.ZS,"1,086,132,947","2,456,000,967","-1,093,831,002","0,4444787411",
República Dominicana,DOM,"Inversion extranjera directa, entrada neta de capital (% del PIB)",BX.KLT.DINV.WD.GD.ZS,"4,497,488,808","3,207,863,799","3,180,974,427","3,120,818,428",
Argelia,DZA,"Inversion extranjera directa, entrada neta de capital (% del PIB)",BX.KLT.DINV.WD.GD.ZS,"0,7232598725","0,83820748","0,8041106866","0,7769917587",
Asia oriental y el Pacífico (excluido altos ingresos),EAP,"Inversion extranjera directa, entrada neta de capital (% del PIB)",BX.KLT.DINV.WD.GD.ZS,"1,615,729,857","1,873,292,038","1,507,915,413","1,729,350,643",
inicial del dividendo demográfico,EAR,"Inversion extranjera directa, entrada neta de capital (% del PIB)",BX.KLT.DINV.WD.GD.ZS,"1,937,768,387","2,005,112,671","1,875,532,321","189,535,291",
Asia oriental y el Pacífico,EAS,"Inversion extranjera directa, entrada neta de capital (% del PIB)",BX.KLT.DINV.WD.GD.ZS,"2,297,861,981","226,928,487","198,657,219","2,176,646,875",
Europa y Asia central (excluido altos ingresos),ECA,"Inversion extranjera directa, entrada neta de capital (% del PIB)",BX.KLT.DINV.WD.GD.ZS,"2,125,426,426","1,363,892,197","2,162,323,933","1,306,419,196",
Europa y Asia central,ECS,"Inversion extranjera directa, entrada neta de capital (% del PIB)",BX.KLT.DINV.WD.GD.ZS,"4,172,059,852","-1,155,995,413","1,187,754,012","0,5432304111",
Ecuador,ECU,"Inversion extranjera directa, entrada neta de capital (% del PIB)",BX.KLT.DINV.WD.GD.ZS,"0,6036120707","1,291,066,231","0,9014295104","1,112,077,149",
"Egipto, República Árabe de",EGY,"Inversion extranjera directa, entrada neta de capital (% del PIB)",BX.KLT.DINV.WD.GD.ZS,"3,142,826,052","3,260,262,789","2,972,836,963","1,602,123,894",
Zona del Euro,EMU,"Inversion extranjera directa, entrada neta de capital (% del PIB)",BX.KLT.DINV.WD.GD.ZS,"3,854,822,338","-0,0413789872","0,2227831432","0,7302090775",
Eritrea,ERI,"Inversion extranjera directa, entrada neta de capital (% del PIB)",BX.KLT.DINV.WD.GD.ZS,,,,,
España,ESP,"Inversion extranjera directa, entrada neta de capital (% del PIB)",BX.KLT.DINV.WD.GD.ZS,"2,404,907,382","412,571,581","1,777,333,002","2,632,521,118",
Estonia,EST,"Inversion extranjera directa, entrada neta de capital (% del PIB)",BX.KLT.DINV.WD.GD.ZS,"6,446,852,166","4,042,502,688","9,866,417,057","1,153,720,812",
Etiopía,ETH,"Inversion extranjera directa, entrada neta de capital (% del PIB)",BX.KLT.DINV.WD.GD.ZS,"4,912,707,176","3,987,712,538","2,657,360,635","2,225,385,751",
Union Europea,EUU,"Inversion extranjera directa, entrada neta de capital (% del PIB)",BX.KLT.DINV.WD.GD.ZS,"3,631,002,846","-0,1640733933","1,155,388,118","2,096,084,958",
Frágiles y situaciones de conflicto afectados,FCS,"Inversion extranjera directa, entrada neta de capital (% del PIB)",BX.KLT.DINV.WD.GD.ZS,"1,873,380,492","1,461,056,268","1,330,908,017","1,550,765,651",
Finlandia,FIN,"Inversion extranjera directa, entrada neta de capital (% del PIB)",BX.KLT.DINV.WD.GD.ZS,"670,809,996","-383,428,376","581,422,413","-0,8714331039",
Fiji,FJI,"Inversion extranjera directa, entrada neta de capital (% del PIB)",BX.KLT.DINV.WD.GD.ZS,"7,240,300,466","8,400,461,669","5,863,669,962","5,233,036,344",
Francia,FRA,"Inversion extranjera directa, entrada neta de capital (% del PIB)",BX.KLT.DINV.WD.GD.ZS,"138,212,039","2,776,578,144","2,106,467,776","0,5034581053",
Islas Feroe,FRO,"Inversion extranjera directa, entrada neta de capital (% del PIB)",BX.KLT.DINV.WD.GD.ZS,,,,,
Micronesia (Estados Federados de),FSM,"Inversion extranjera directa, entrada neta de capital (% del PIB)",BX.KLT.DINV.WD.GD.ZS,,,,,
Gabon,GAB,"Inversion extranjera directa, entrada neta de capital (% del PIB)",BX.KLT.DINV.WD.GD.ZS,"8,801,569,499","8,175,990,002","9,204,098,146","1,120,670,644",
Reino Unido,GBR,"Inversion extranjera directa, entrada neta de capital (% del PIB)",BX.KLT.DINV.WD.GD.ZS,"4,644,610,359","-0,8637449745","0,07769811817","1,126,587,489",
Georgia,GEO,"Inversion extranjera directa, entrada neta de capital (% del PIB)",BX.KLT.DINV.WD.GD.ZS,"1,182,440,508","7,219,945,323","7,819,837,496","337,039,611",
Ghana,GHA,"Inversion extranjera directa, entrada neta de capital (% del PIB)",BX.KLT.DINV.WD.GD.ZS,"5,388,486,852","4,441,407,055","5,677,452,823","2,678,037,209",
Gibraltar,GIB,"Inversion extranjera directa, entrada neta de capital (% del PIB)",BX.KLT.DINV.WD.GD.ZS,,,,,
Guinea,GIN,"Inversion extranjera directa, entrada neta de capital (% del PIB)",BX.KLT.DINV.WD.GD.ZS,"5,594,271,749","297,511,257","0,3302868231","1,244,563,547",
Gambia,GMB,"Inversion extranjera directa, entrada neta de capital (% del PIB)",BX.KLT.DINV.WD.GD.ZS,"4,275,240,817","489,653,695","3,919,440,966","1,035,701,729",
Guinea-Bissau,GNB,"Inversion extranjera directa, entrada neta de capital (% del PIB)",BX.KLT.DINV.WD.GD.ZS,"1,162,158,478","1,366,702,549","4,977,547,013","1,466,010,181",
Guinea Ecuatorial,GNQ,"Inversion extranjera directa, entrada neta de capital (% del PIB)",BX.KLT.DINV.WD.GD.ZS,"2,498,397,077","3,024,184,478","3,979,952,258","5,246,920,431",
Grecia,GRC,"Inversion extranjera directa, entrada neta de capital (% del PIB)",BX.KLT.DINV.WD.GD.ZS,"1,720,904,752","1,898,353,352","243,713,307","174,948,781",
Granada,GRD,"Inversion extranjera directa, entrada neta de capital (% del PIB)",BX.KLT.DINV.WD.GD.ZS,"1,382,821,302","1,577,385,112","1,639,731,404","1,426,200,742",
Groenlandia,GRL,"Inversion extranjera directa, entrada neta de capital (% del PIB)",BX.KLT.DINV.WD.GD.ZS,,,,,
Guatemala,GTM,"Inversion extranjera directa, entrada neta de capital (% del PIB)",BX.KLT.DINV.WD.GD.ZS,"1,393,282,437","1,259,958,631","1,520,070,928","1,294,216,113",
Guam,GUM,"Inversion extranjera directa, entrada neta de capital (% del PIB)",BX.KLT.DINV.WD.GD.ZS,,,,,
Guyana,GUY,"Inversion extranjera directa, entrada neta de capital (% del PIB)",BX.KLT.DINV.WD.GD.ZS,"6,894,095,039","2,465,528,995","3,276,494,898","2,183,195,945",
Ingreso alto,HIC,"Inversion extranjera directa, entrada neta de capital (% del PIB)",BX.KLT.DINV.WD.GD.ZS,"3,140,162,132","0,5390294535","1,629,180,749","1,263,443,274",
"Hong Kong, Region Administrativa Especial",HKG,"Inversion extranjera directa, entrada neta de capital (% del PIB)",BX.KLT.DINV.WD.GD.ZS,"3,683,755,166","2,682,552,406","1,605,810,808","3,405,584,777",
Honduras,HND,"Inversion extranjera directa, entrada neta de capital (% del PIB)",BX.KLT.DINV.WD.GD.ZS,"4,105,923,264","5,993,854,186","3,806,680,652","0,9905088256",
Países pobres muy endeudados (PPME),HPC,"Inversion extranjera directa, entrada neta de capital (% del PIB)",BX.KLT.DINV.WD.GD.ZS,"3,661,128,663","3,690,908,726","3,398,868,497","2,814,186,389",
Croacia,HRV,"Inversion extranjera directa, entrada neta de capital (% del PIB)",BX.KLT.DINV.WD.GD.ZS,"0,8185802755","2,119,579,982","6,272,031,313","2,060,637,543",
Haití,HTI,"Inversion extranjera directa, entrada neta de capital (% del PIB)",BX.KLT.DINV.WD.GD.ZS,"2,493,156,163","0,6381025876","0,5072420852","0,1723161312",
Hungría,HUN,"Inversion extranjera directa, entrada neta de capital (% del PIB)",BX.KLT.DINV.WD.GD.ZS,"-8,476,577,852","-4,008,105,626","602,358,611","1,093,306,365",
Solo BIRF,IBD,"Inversion extranjera directa, entrada neta de capital (% del PIB)",BX.KLT.DINV.WD.GD.ZS,"1,848,034,613","1,988,027,691","1,844,006,951","1,784,070,092",
BIRF y la AIF,IBT,"Inversion extranjera directa, entrada neta de capital (% del PIB)",BX.KLT.DINV.WD.GD.ZS,"1,881,577,206","1,991,056,171","1,850,959,827","1,778,520,048",
total de la AIF,IDA,"Inversion extranjera directa, entrada neta de capital (% del PIB)",BX.KLT.DINV.WD.GD.ZS,"2,321,554,234","2,032,557,396","1,944,179,418","1,706,470,696",
mezcla de la AIF,IDB,"Inversion extranjera directa, entrada neta de capital (% del PIB)",BX.KLT.DINV.WD.GD.ZS,"1,530,599,824","1,172,466,632","1,151,223,724","1,113,190,347",
Indonesia,IDN,"Inversion extranjera directa, entrada neta de capital (% del PIB)",BX.KLT.DINV.WD.GD.ZS,"2,019,489,201","1,814,289,797","2,233,362,049","18,112,098",
Solo AIF,IDX,"Inversion extranjera directa, entrada neta de capital (% del PIB)",BX.KLT.DINV.WD.GD.ZS,"2,948,844,821","2,754,228,002","2,595,351,408","2,168,511,003",
Isla de Man,IMN,"Inversion extranjera directa, entrada neta de capital (% del PIB)",BX.KLT.DINV.WD.GD.ZS,,,,,
India,IND,"Inversion extranjera directa, entrada neta de capital (% del PIB)",BX.KLT.DINV.WD.GD.ZS,"1,507,316,581","1,558,214,793","1,787,381,739","241,266,468",
No clasificado,INX,"Inversion extranjera directa, entrada neta de capital (% del PIB)",BX.KLT.DINV.WD.GD.ZS,,,,,
Irlanda,IRL,"Inversion extranjera directa, entrada neta de capital (% del PIB)",BX.KLT.DINV.WD.GD.ZS,"1,738,087,357","1,749,465,847","-1,168,395,104","7,619,753,275",
"Irán, República Islámica del",IRN,"Inversion extranjera directa, entrada neta de capital (% del PIB)",BX.KLT.DINV.WD.GD.ZS,"1,031,378,766","0,7169366451","0,5175675817","0,5795785258",
Iraq,IRQ,"Inversion extranjera directa, entrada neta de capital (% del PIB)",BX.KLT.DINV.WD.GD.ZS,"-2,687,994,284","-2,148,548,348","-1,316,406,167","-1,706,678,667",
Islandia,ISL,"Inversion extranjera directa, entrada neta de capital (% del PIB)",BX.KLT.DINV.WD.GD.ZS,"-283,072,317","-2,370,719,438","-2,238,593,334","-4,121,616,679",
Israel,ISR,"Inversion extranjera directa, entrada neta de capital (% del PIB)",BX.KLT.DINV.WD.GD.ZS,"4,754,737,676","5,758,063,515","436,315,418","5,964,911,831",
Italia,ITA,"Inversion extranjera directa, entrada neta de capital (% del PIB)",BX.KLT.DINV.WD.GD.ZS,"0,5677669267","2,115,255,482","1,550,511,384","-1,167,243,207",
Jamaica,JAM,"Inversion extranjera directa, entrada neta de capital (% del PIB)",BX.KLT.DINV.WD.GD.ZS,"600,199,763","4,924,230,845","4,203,305,436","1,919,290,442",
Jordania,JOR,"Inversion extranjera directa, entrada neta de capital (% del PIB)",BX.KLT.DINV.WD.GD.ZS,"4,901,640,293","2,224,278,094","163,970,972","1,643,173,068",
Japon,JPN,"Inversion extranjera directa, entrada neta de capital (% del PIB)",BX.KLT.DINV.WD.GD.ZS,"0,381319638","0,5019887697","0,7799738989","1,220,508,121",
Kazajstán,KAZ,"Inversion extranjera directa, entrada neta de capital (% del PIB)",BX.KLT.DINV.WD.GD.ZS,"2,852,057,179","0,196995408","2,053,676,434","4,205,188,018",
Kenya,KEN,"Inversion extranjera directa, entrada neta de capital (% del PIB)",BX.KLT.DINV.WD.GD.ZS,"1,640,844,097","0,8326864315","0,4681625893","0,4234824979",
Kirguistán,KGZ,"Inversion extranjera directa, entrada neta de capital (% del PIB)",BX.KLT.DINV.WD.GD.ZS,"-1,391,843,535","1,743,691,279","4,552,631,191","-5,160,327,391",
Camboya,KHM,"Inversion extranjera directa, entrada neta de capital (% del PIB)",BX.KLT.DINV.WD.GD.ZS,"1,257,184,973","1,307,449,807","1,352,202,109","1,400,948,204",
Kiribati,KIR,"Inversion extranjera directa, entrada neta de capital (% del PIB)",BX.KLT.DINV.WD.GD.ZS,"0,417019323","-0,5831735059","-0,3137546892","1,450,481,509",
Saint Kitts y Nevis,KNA,"Inversion extranjera directa, entrada neta de capital (% del PIB)",BX.KLT.DINV.WD.GD.ZS,"4,528,038,883","3,713,634,541","4,108,805,431","1,412,226,822",
"Corea, República de",KOR,"Inversion extranjera directa, entrada neta de capital (% del PIB)",BX.KLT.DINV.WD.GD.ZS,"1,103,077,991","0,7063008938","0,5833938606","0,5351317211",
Kuwait,KWT,"Inversion extranjera directa, entrada neta de capital (% del PIB)",BX.KLT.DINV.WD.GD.ZS,"0,09362477506","-0,01547054382","0,3785828449","-0,5266650943",
América Latina y el Caribe (excluido altos ingresos),LAC,"Inversion extranjera directa, entrada neta de capital (% del PIB)",BX.KLT.DINV.WD.GD.ZS,"3,042,816,606","3,350,077,668","2,937,184,943","2,299,617,052",
República Democrática Popular Lao,LAO,"Inversion extranjera directa, entrada neta de capital (% del PIB)",BX.KLT.DINV.WD.GD.ZS,"9,917,782,999","7,485,644,375","4,031,491,814","5,098,073,156",
Líbano,LBN,"Inversion extranjera directa, entrada neta de capital (% del PIB)",BX.KLT.DINV.WD.GD.ZS,"475,677,914","484,140,309","398,128,354","1,102,460,731",
Liberia,LBR,"Inversion extranjera directa, entrada neta de capital (% del PIB)",BX.KLT.DINV.WD.GD.ZS,"7,309,485,784","3,772,684,939","2,611,211,949","2,860,542,745",
Libia,LBY,"Inversion extranjera directa, entrada neta de capital (% del PIB)",BX.KLT.DINV.WD.GD.ZS,0,0,"0,001443995229",,
Santa Lucía,LCA,"Inversion extranjera directa, entrada neta de capital (% del PIB)",BX.KLT.DINV.WD.GD.ZS,"4,504,343,875","2,204,329,082","343,847,738","2,171,517,987",
América Latina y el Caribe,LCN,"Inversion extranjera directa, entrada neta de capital (% del PIB)",BX.KLT.DINV.WD.GD.ZS,"3,081,840,342","3,332,951,904","3,072,223,559","240,527,439",
Países menos desarrollados: clasificacion de las Naciones Unidas,LDC,"Inversion extranjera directa, entrada neta de capital (% del PIB)",BX.KLT.DINV.WD.GD.ZS,"1,902,684,663","1,688,205,975","168,051,037","187,128,218",
Países de ingreso bajo,LIC,"Inversion extranjera directa, entrada neta de capital (% del PIB)",BX.KLT.DINV.WD.GD.ZS,"2,896,363,507","3,104,838,228","2,989,496,218","2,768,009,427",
Liechtenstein,LIE,"Inversion extranjera directa, entrada neta de capital (% del PIB)",BX.KLT.DINV.WD.GD.ZS,"6,023,794,201","-1,303,130,921",,,
Sri Lanka,LKA,"Inversion extranjera directa, entrada neta de capital (% del PIB)",BX.KLT.DINV.WD.GD.ZS,"1,570,116,017","1,834,911,534","0,8861065783","0,5358418078",
Países de ingreso mediano bajo,LMC,"Inversion extranjera directa, entrada neta de capital (% del PIB)",BX.KLT.DINV.WD.GD.ZS,"1,885,666,957","1,829,854,068","1,910,226,457","190,263,885",
Ingreso mediano y bajo,LMY,"Inversion extranjera directa, entrada neta de capital (% del PIB)",BX.KLT.DINV.WD.GD.ZS,"185,437,745","1,945,867,595","1,780,532,564","1,757,719,365",
Lesotho,LSO,"Inversion extranjera directa, entrada neta de capital (% del PIB)",BX.KLT.DINV.WD.GD.ZS,"1,828,508,013","1,625,763,082","1,457,724,954","1,314,807,291",
avanzada del dividendo demográfico,LTE,"Inversion extranjera directa, entrada neta de capital (% del PIB)",BX.KLT.DINV.WD.GD.ZS,"2,210,220,195","2,299,364,804","1,841,416,597","1,943,442,368",
Lituania,LTU,"Inversion extranjera directa, entrada neta de capital (% del PIB)",BX.KLT.DINV.WD.GD.ZS,"2,897,336,059","2,418,269,234","6,278,727,375","7,920,132,034",
Luxemburgo,LUX,"Inversion extranjera directa, entrada neta de capital (% del PIB)",BX.KLT.DINV.WD.GD.ZS,"-1,037,148,961","-2,350,644,902","210,719,712","847,198,091",
Letonia,LVA,"Inversion extranjera directa, entrada neta de capital (% del PIB)",BX.KLT.DINV.WD.GD.ZS,"3,784,223,086","1,242,577,673","3,169,965,191","2,806,069,415",
"Region Administrativa Especial de Macao, China",MAC,"Inversion extranjera directa, entrada neta de capital (% del PIB)",BX.KLT.DINV.WD.GD.ZS,"3,372,265,192","2,774,918,581","1,178,968,192","-2,776,494,492",
Isla de San Martín (parte francesa),MAF,"Inversion extranjera directa, entrada neta de capital (% del PIB)",BX.KLT.DINV.WD.GD.ZS,,,,,
Marruecos,MAR,"Inversion extranjera directa, entrada neta de capital (% del PIB)",BX.KLT.DINV.WD.GD.ZS,"2,443,511,303","3,001,270,496","1,435,570,784","1,236,620,014",
Monaco,MCO,"Inversion extranjera directa, entrada neta de capital (% del PIB)",BX.KLT.DINV.WD.GD.ZS,,,,,
República de Moldova,MDA,"Inversion extranjera directa, entrada neta de capital (% del PIB)",BX.KLT.DINV.WD.GD.ZS,"1,546,266,736","2,560,868,034","4,233,024,776","1,327,348,875",
Madagascar,MDG,"Inversion extranjera directa, entrada neta de capital (% del PIB)",BX.KLT.DINV.WD.GD.ZS,"352,797,151","4,495,503,343","334,212,502","2,710,405,302",
Maldivas,MDV,"Inversion extranjera directa, entrada neta de capital (% del PIB)",BX.KLT.DINV.WD.GD.ZS,"9,629,604,082","1,085,949,978","1,713,762,921","1,177,501,458",
Oriente Medio y Norte de África,MEA,"Inversion extranjera directa, entrada neta de capital (% del PIB)",BX.KLT.DINV.WD.GD.ZS,"1,641,442,954","1,739,468,209","1,790,411,354","2,184,873,162",
México,MEX,"Inversion extranjera directa, entrada neta de capital (% del PIB)",BX.KLT.DINV.WD.GD.ZS,"286,692,792","309,633,843","2,342,860,189","2,874,355,355",
Islas Marshall,MHL,"Inversion extranjera directa, entrada neta de capital (% del PIB)",BX.KLT.DINV.WD.GD.ZS,"2,737,047,496","4,400,965,645","1,744,423,003","269,499,964",
 Ingreso mediano,MIC,"Inversion extranjera directa, entrada neta de capital (% del PIB)",BX.KLT.DINV.WD.GD.ZS,"1,836,950,567","1,930,469,991","1,763,993,124","1,743,921,999",
Macedonia del Norte,MKD,"Inversion extranjera directa, entrada neta de capital (% del PIB)",BX.KLT.DINV.WD.GD.ZS,"3,367,268,167","5,114,947,894","4,358,924,934","0,06349584262",
Malí,MLI,"Inversion extranjera directa, entrada neta de capital (% del PIB)",BX.KLT.DINV.WD.GD.ZS,"3,649,342,287","2,737,385,133","4,971,522,456","3,073,803,262",
Malta,MLT,"Inversion extranjera directa, entrada neta de capital (% del PIB)",BX.KLT.DINV.WD.GD.ZS,"288,058,362","2,917,955,467","2,654,462,262","2,972,173,561",
Myanmar,MMR,"Inversion extranjera directa, entrada neta de capital (% del PIB)",BX.KLT.DINV.WD.GD.ZS,"7,818,258,776","2,633,409,401","2,526,413,422","2,323,838,873",
Oriente Medio y Norte de África (excluido altos ingresos),MNA,"Inversion extranjera directa, entrada neta de capital (% del PIB)",BX.KLT.DINV.WD.GD.ZS,"1,163,965,105","1,128,718,338","1,028,216,645","0,938878014",
Montenegro,MNE,"Inversion extranjera directa, entrada neta de capital (% del PIB)",BX.KLT.DINV.WD.GD.ZS,"1,154,439,665","8,818,921,933","753,472,941","1,103,057,244",
Mongolia,MNG,"Inversion extranjera directa, entrada neta de capital (% del PIB)",BX.KLT.DINV.WD.GD.ZS,"1,301,602,805","1,480,888,001","1,719,893,953","1,291,307,983",
Mariana,MNP,"Inversion extranjera directa, entrada neta de capital (% del PIB)",BX.KLT.DINV.WD.GD.ZS,,,,,
Mozambique,MOZ,"Inversion extranjera directa, entrada neta de capital (% del PIB)",BX.KLT.DINV.WD.GD.ZS,"1,754,336,958","1,130,357,636","1,417,000,544","2,272,425,076",
Mauritania,MRT,"Inversion extranjera directa, entrada neta de capital (% del PIB)",BX.KLT.DINV.WD.GD.ZS,"8,650,079,911","1,051,189,319","-1,119,898,252","1,172,205,614",
Mauricio,MUS,"Inversion extranjera directa, entrada neta de capital (% del PIB)",BX.KLT.DINV.WD.GD.ZS,"3,620,055,576","3,247,165,121","3,356,318,662","2,250,801,501",
Malawi,MWI,"Inversion extranjera directa, entrada neta de capital (% del PIB)",BX.KLT.DINV.WD.GD.ZS,"1,008,548,773","0,7794234352","0,5012788302","0,3716600087",
Malasia,MYS,"Inversion extranjera directa, entrada neta de capital (% del PIB)",BX.KLT.DINV.WD.GD.ZS,"2,935,792,391","2,314,570,004","2,506,299,941","1,279,803,161",
América del Norte,NAC,"Inversion extranjera directa, entrada neta de capital (% del PIB)",BX.KLT.DINV.WD.GD.ZS,"1,920,383,013","1,154,615,961","1,516,956,652","1,057,094,553",
Namibia,NAM,"Inversion extranjera directa, entrada neta de capital (% del PIB)",BX.KLT.DINV.WD.GD.ZS,"2,175,057,338","1,712,992,678","-1,406,963,244","-1,508,552,083",
Nueva Caledonia,NCL,"Inversion extranjera directa, entrada neta de capital (% del PIB)",BX.KLT.DINV.WD.GD.ZS,"4,470,903,582","2,537,008,493","7,011,564,364","4,693,136,281",
Níger,NER,"Inversion extranjera directa, entrada neta de capital (% del PIB)",BX.KLT.DINV.WD.GD.ZS,"3,028,230,749","3,638,493,439","5,552,201,672","2,624,580,757",
Nigeria,NGA,"Inversion extranjera directa, entrada neta de capital (% del PIB)",BX.KLT.DINV.WD.GD.ZS,"0,6421816602","0,1951827726","0,5143929317","0,5517723819",
Nicaragua,NIC,"Inversion extranjera directa, entrada neta de capital (% del PIB)",BX.KLT.DINV.WD.GD.ZS,"7,510,567","6,430,591,725","3,993,129,581","1,448,326,439",
Países Bajos,NLD,"Inversion extranjera directa, entrada neta de capital (% del PIB)",BX.KLT.DINV.WD.GD.ZS,"2,562,123,722","-3,771,239,946","-1,860,015,975","-1,633,956,843",
Noruega,NOR,"Inversion extranjera directa, entrada neta de capital (% del PIB)",BX.KLT.DINV.WD.GD.ZS,"1,481,097,955","-1,296,183,832","4,032,639,237","-1,132,711,059",
Nepal,NPL,"Inversion extranjera directa, entrada neta de capital (% del PIB)",BX.KLT.DINV.WD.GD.ZS,"0,6774398778","0,206157198","0,5428018163","0,3787389644",
Nauru,NRU,"Inversion extranjera directa, entrada neta de capital (% del PIB)",BX.KLT.DINV.WD.GD.ZS,,,,,
Nueva Zelandia,NZL,"Inversion extranjera directa, entrada neta de capital (% del PIB)",BX.KLT.DINV.WD.GD.ZS,"1,156,709,155","1,187,285,639","1,368,582,497","1,916,334,716",
Miembros OCDE,OED,"Inversion extranjera directa, entrada neta de capital (% del PIB)",BX.KLT.DINV.WD.GD.ZS,"2,683,829,222","0,4128135711","1,255,613,997","0,9343338159",
Omán,OMN,"Inversion extranjera directa, entrada neta de capital (% del PIB)",BX.KLT.DINV.WD.GD.ZS,"3,607,982,142","6,492,723,965","4,970,259,367","3,865,761,901",
Otros Estados pequeos,OSS,"Inversion extranjera directa, entrada neta de capital (% del PIB)",BX.KLT.DINV.WD.GD.ZS,"4,826,830,081","1,605,009,708","1,216,890,106","2,687,890,725",
Pakistán,PAK,"Inversion extranjera directa, entrada neta de capital (% del PIB)",BX.KLT.DINV.WD.GD.ZS,"0,7358368741","0,4877456709","0,6961464447","0,6849672427",
Panamá,PAN,"Inversion extranjera directa, entrada neta de capital (% del PIB)",BX.KLT.DINV.WD.GD.ZS,"656,251,387","8,112,289,633","6,645,170,487","-3,991,946,397",
Perú,PER,"Inversion extranjera directa, entrada neta de capital (% del PIB)",BX.KLT.DINV.WD.GD.ZS,"3,513,344,425","2,638,243,787","2,084,917,895","0,3627123847",
Filipinas,PHL,"Inversion extranjera directa, entrada neta de capital (% del PIB)",BX.KLT.DINV.WD.GD.ZS,"3,122,386,545","2,868,336,627","2,301,175,741","1,885,863,784",
Palau,PLW,"Inversion extranjera directa, entrada neta de capital (% del PIB)",BX.KLT.DINV.WD.GD.ZS,"9,633,590,159","7,551,808,922","8,023,340,627","9,313,154,831",
Papua Nueva Guinea,PNG,"Inversion extranjera directa, entrada neta de capital (% del PIB)",BX.KLT.DINV.WD.GD.ZS,"0,7099914987","4,706,207,404","-3,638,814,761","-3,792,482,231",
Polonia,POL,"Inversion extranjera directa, entrada neta de capital (% del PIB)",BX.KLT.DINV.WD.GD.ZS,"2,233,960,434","3,000,280,492","2,820,282,627","291,439,661",
previa al dividendo demográfico,PRE,"Inversion extranjera directa, entrada neta de capital (% del PIB)",BX.KLT.DINV.WD.GD.ZS,"0,7894129304","0,6360863599","0,9681692567","1,229,178,276",
Puerto Rico,PRI,"Inversion extranjera directa, entrada neta de capital (% del PIB)",BX.KLT.DINV.WD.GD.ZS,,,,,
"Corea, República Popular Democrática de",PRK,"Inversion extranjera directa, entrada neta de capital (% del PIB)",BX.KLT.DINV.WD.GD.ZS,,,,,
Portugal,PRT,"Inversion extranjera directa, entrada neta de capital (% del PIB)",BX.KLT.DINV.WD.GD.ZS,"4,826,502,953","3,237,994,991","4,300,252,034","1,669,575,314",
Paraguay,PRY,"Inversion extranjera directa, entrada neta de capital (% del PIB)",BX.KLT.DINV.WD.GD.ZS,"1,278,373,382","0,4818484157","0,9067874997","0,2622616663",
Ribera Occidental y Gaza,PSE,"Inversion extranjera directa, entrada neta de capital (% del PIB)",BX.KLT.DINV.WD.GD.ZS,"1,140,566,982","1,294,462,944","0,7697200465","0,5134337666",
Estados pequeos de las Islas del Pacfico,PSS,"Inversion extranjera directa, entrada neta de capital (% del PIB)",BX.KLT.DINV.WD.GD.ZS,"5,201,577,715","5,906,952,656","402,812,216","3,477,575,396",
posterior al dividendo demográfico,PST,"Inversion extranjera directa, entrada neta de capital (% del PIB)",BX.KLT.DINV.WD.GD.ZS,"3,032,005,617","0,4630886285","1,592,841,268","1,115,288,981",
Polinesia Francesa,PYF,"Inversion extranjera directa, entrada neta de capital (% del PIB)",BX.KLT.DINV.WD.GD.ZS,"1,358,841,209","103,369,691","0,4224504893","0,9818857834",
Qatar,QAT,"Inversion extranjera directa, entrada neta de capital (% del PIB)",BX.KLT.DINV.WD.GD.ZS,"0,6120387234","-1,192,496,952","-1,599,565,819","-168,550,859",
Rumania,ROU,"Inversion extranjera directa, entrada neta de capital (% del PIB)",BX.KLT.DINV.WD.GD.ZS,"2,812,016,214","3,041,348,095","2,947,572,771","1,443,789,394",
Federacion de Rusia,RUS,"Inversion extranjera directa, entrada neta de capital (% del PIB)",BX.KLT.DINV.WD.GD.ZS,"1,814,092,944","0,5300605115","1,888,518,541","0,6368790351",
Rwanda,RWA,"Inversion extranjera directa, entrada neta de capital (% del PIB)",BX.KLT.DINV.WD.GD.ZS,"2,961,535,753","3,797,713,971","2,541,174,409","0,9810658317",
Asia meridional,SAS,"Inversion extranjera directa, entrada neta de capital (% del PIB)",BX.KLT.DINV.WD.GD.ZS,"1,352,118,195","1,379,410,644","1,553,393,865","1,980,088,452",
Arabia Saudita,SAU,"Inversion extranjera directa, entrada neta de capital (% del PIB)",BX.KLT.DINV.WD.GD.ZS,"0,2060517378","0,5201100118","0,5677552671","0,7676149979",
Sudán,SDN,"Inversion extranjera directa, entrada neta de capital (% del PIB)",BX.KLT.DINV.WD.GD.ZS,"0,8212430683","3,512,695,239","2,552,269,688","2,656,555,906",
Senegal,SEN,"Inversion extranjera directa, entrada neta de capital (% del PIB)",BX.KLT.DINV.WD.GD.ZS,"2,801,853,565","3,667,626,947","4,553,491,204","6,044,548,242",
Singapur,SGP,"Inversion extranjera directa, entrada neta de capital (% del PIB)",BX.KLT.DINV.WD.GD.ZS,"289,079,935","2,153,340,661","2,969,044,057","2,164,824,649",
Islas Salomon,SLB,"Inversion extranjera directa, entrada neta de capital (% del PIB)",BX.KLT.DINV.WD.GD.ZS,"2,890,158","1,587,208,945","2,088,225,852","0,5808987757",
Sierra Leona,SLE,"Inversion extranjera directa, entrada neta de capital (% del PIB)",BX.KLT.DINV.WD.GD.ZS,"1,112,351,219","6,130,698,063","7,395,550,906","3,325,158,384",
El Salvador,SLV,"Inversion extranjera directa, entrada neta de capital (% del PIB)",BX.KLT.DINV.WD.GD.ZS,"2,016,884,515","1,586,204,787","2,588,749,059","1,513,912,807",
San Marino,SMR,"Inversion extranjera directa, entrada neta de capital (% del PIB)",BX.KLT.DINV.WD.GD.ZS,,,,,
Somalia,SOM,"Inversion extranjera directa, entrada neta de capital (% del PIB)",BX.KLT.DINV.WD.GD.ZS,"6,578,712,783","6,973,551,597","6,901,689,959","6,661,607,937",
Serbia,SRB,"Inversion extranjera directa, entrada neta de capital (% del PIB)",BX.KLT.DINV.WD.GD.ZS,"655,200,965","8,040,763,794","8,286,467,411","6,535,643,779",
África al sur del Sahara (excluido altos ingresos),SSA,"Inversion extranjera directa, entrada neta de capital (% del PIB)",BX.KLT.DINV.WD.GD.ZS,"1,621,903,735","1,661,611,031","1,721,104,524","1,697,993,886",
Sudán del Sur,SSD,"Inversion extranjera directa, entrada neta de capital (% del PIB)",BX.KLT.DINV.WD.GD.ZS,,,,,
África al sur del Sahara,SSF,"Inversion extranjera directa, entrada neta de capital (% del PIB)",BX.KLT.DINV.WD.GD.ZS,"1,627,730,503","1,677,854,029","1,733,704,951","1,707,102,676",
Pequeños Estados,SST,"Inversion extranjera directa, entrada neta de capital (% del PIB)",BX.KLT.DINV.WD.GD.ZS,"4,524,280,947","1,996,777,336","10,974,354","2,855,604,132",
Santo Tomé y Príncipe,STP,"Inversion extranjera directa, entrada neta de capital (% del PIB)",BX.KLT.DINV.WD.GD.ZS,"9,107,348,911","5,748,478,468","5,659,892,909","9,962,094,156",
Suriname,SUR,"Inversion extranjera directa, entrada neta de capital (% del PIB)",BX.KLT.DINV.WD.GD.ZS,"2,674,989,519","3,277,093,148","2,112,202,454","0,03605444775",
República Eslovaca,SVK,"Inversion extranjera directa, entrada neta de capital (% del PIB)",BX.KLT.DINV.WD.GD.ZS,"4,429,632,319","2,131,229,351","2,165,384,218","-0,3143366055",
Eslovenia,SVN,"Inversion extranjera directa, entrada neta de capital (% del PIB)",BX.KLT.DINV.WD.GD.ZS,"2,461,927,888","2,839,799,886","3,971,174,061","0,9076004299",
Suecia,SWE,"Inversion extranjera directa, entrada neta de capital (% del PIB)",BX.KLT.DINV.WD.GD.ZS,"4,541,014,296","-0,2464210878","2,926,743,044","3,382,829,682",
Eswatini,SWZ,"Inversion extranjera directa, entrada neta de capital (% del PIB)",BX.KLT.DINV.WD.GD.ZS,"-1,309,289,037","0,6670722823","2,865,405,616","1,105,930,375",
Sint Maarten (Dutch part),SXM,"Inversion extranjera directa, entrada neta de capital (% del PIB)",BX.KLT.DINV.WD.GD.ZS,"5,391,676,123","-4,041,847,287",,,
Seychelles,SYC,"Inversion extranjera directa, entrada neta de capital (% del PIB)",BX.KLT.DINV.WD.GD.ZS,"7,910,467,704","1,880,234,457","1,507,399,713","1,458,479,893",
República Árabe Siria,SYR,"Inversion extranjera directa, entrada neta de capital (% del PIB)",BX.KLT.DINV.WD.GD.ZS,,,,,
Islas Turcas y Caicos,TCA,"Inversion extranjera directa, entrada neta de capital (% del PIB)",BX.KLT.DINV.WD.GD.ZS,"2,158,524,597","3,793,373,566","2,251,655,992","3,290,011,692",
Chad,TCD,"Inversion extranjera directa, entrada neta de capital (% del PIB)",BX.KLT.DINV.WD.GD.ZS,"3,633,672,746","4,100,753,246","5,007,877,903","5,204,590,631",
Asia oriental y el Pacífico (BIRF y la AIF),TEA,"Inversion extranjera directa, entrada neta de capital (% del PIB)",BX.KLT.DINV.WD.GD.ZS,"1,615,729,857","1,873,292,038","1,507,915,413","1,729,350,643",
Europa y Asia central (BIRF y la AIF),TEC,"Inversion extranjera directa, entrada neta de capital (% del PIB)",BX.KLT.DINV.WD.GD.ZS,"2,158,403,996","1,710,831,368","2,365,496,742","1,576,232,339",
Togo,TGO,"Inversion extranjera directa, entrada neta de capital (% del PIB)",BX.KLT.DINV.WD.GD.ZS,"1,384,709,237","-254,453,891","4,787,792,567","-0,7816456441",
Tailandia,THA,"Inversion extranjera directa, entrada neta de capital (% del PIB)",BX.KLT.DINV.WD.GD.ZS,"1,815,502,013","2,602,113,152","0,8804500947","-0,969688901",
Tayikistán,TJK,"Inversion extranjera directa, entrada neta de capital (% del PIB)",BX.KLT.DINV.WD.GD.ZS,"2,465,714,366","2,844,324,817","256,373,023","1,309,747,193",
Turkmenistán,TKM,"Inversion extranjera directa, entrada neta de capital (% del PIB)",BX.KLT.DINV.WD.GD.ZS,"5,499,995,836","489,948,824","4,707,869,274",,
América Latina y el Caribe (BIRF y la AIF),TLA,"Inversion extranjera directa, entrada neta de capital (% del PIB)",BX.KLT.DINV.WD.GD.ZS,"303,503,049","3,331,017,578","3,056,043,635","2,250,943,232",
Timor-Leste,TLS,"Inversion extranjera directa, entrada neta de capital (% del PIB)",BX.KLT.DINV.WD.GD.ZS,"0,4156905883","3,025,846,627","3,641,738,786","3,805,079,919",
Oriente Medio y Norte de África (BIRF y la AIF),TMN,"Inversion extranjera directa, entrada neta de capital (% del PIB)",BX.KLT.DINV.WD.GD.ZS,"1,164,230,346","1,126,709,287","1,031,492,912","0,9445929501",
Tonga,TON,"Inversion extranjera directa, entrada neta de capital (% del PIB)",BX.KLT.DINV.WD.GD.ZS,"-1,219,376,121","4,069,875,401","0,3400827351","0,8645927242",
Asia meridional (BIRF y la AIF),TSA,"Inversion extranjera directa, entrada neta de capital (% del PIB)",BX.KLT.DINV.WD.GD.ZS,"1,352,118,195","1,379,410,644","1,553,393,865","1,980,088,452",
África al sur del Sahara (BIRF y la AIF),TSS,"Inversion extranjera directa, entrada neta de capital (% del PIB)",BX.KLT.DINV.WD.GD.ZS,"1,627,730,503","1,677,854,029","1,733,704,951","1,707,102,676",
Trinidad y Tobago,TTO,"Inversion extranjera directa, entrada neta de capital (% del PIB)",BX.KLT.DINV.WD.GD.ZS,"-2,031,408,062","-293,939,489","0,7702047162","-0,4795287527",
Túnez,TUN,"Inversion extranjera directa, entrada neta de capital (% del PIB)",BX.KLT.DINV.WD.GD.ZS,"1,923,290,809","2,316,786,636","1,939,471,387","13,928,822",
Turquía,TUR,"Inversion extranjera directa, entrada neta de capital (% del PIB)",BX.KLT.DINV.WD.GD.ZS,"1,302,683,199","1,606,352,133","125,794,275","108,770,714",
Tuvalu,TUV,"Inversion extranjera directa, entrada neta de capital (% del PIB)",BX.KLT.DINV.WD.GD.ZS,"0,6634576271","0,6249951575","0,5511704962","0,1816375",
Tanzanía,TZA,"Inversion extranjera directa, entrada neta de capital (% del PIB)",BX.KLT.DINV.WD.GD.ZS,"1,758,606,511","1,704,409,774","1,991,000,159","1,097,405,659",
Uganda,UGA,"Inversion extranjera directa, entrada neta de capital (% del PIB)",BX.KLT.DINV.WD.GD.ZS,"2,610,889,174","3,205,128,111","3,603,324,757","2,323,894,357",
Ucrania,UKR,"Inversion extranjera directa, entrada neta de capital (% del PIB)",BX.KLT.DINV.WD.GD.ZS,"3,283,060,565","3,800,871,036","3,766,498,364","0,1941030207",
Ingreso mediano alto,UMC,"Inversion extranjera directa, entrada neta de capital (% del PIB)",BX.KLT.DINV.WD.GD.ZS,"1,820,228,077","1,963,169,029","1,715,040,262","1,690,756,715",
Uruguay,URY,"Inversion extranjera directa, entrada neta de capital (% del PIB)",BX.KLT.DINV.WD.GD.ZS,"4,182,381,199","2,417,098,914","2,300,844,211","0,7319936122",
Estados Unidos,USA,"Inversion extranjera directa, entrada neta de capital (% del PIB)",BX.KLT.DINV.WD.GD.ZS,"1,954,981,662","104,405,598","1,413,957,075","1,011,297,935",
Uzbekistán,UZB,"Inversion extranjera directa, entrada neta de capital (% del PIB)",BX.KLT.DINV.WD.GD.ZS,"2,896,683,542","1,186,869,129","3,866,754,969","2,885,497,762",
San Vicente y las Granadinas,VCT,"Inversion extranjera directa, entrada neta de capital (% del PIB)",BX.KLT.DINV.WD.GD.ZS,"192,627,765","4,702,528,985","8,169,703,285","353,844,384",
Venezuela,VEN,"Inversion extranjera directa, entrada neta de capital (% del PIB)",BX.KLT.DINV.WD.GD.ZS,,,,,
Islas Vírgenes Británicas,VGB,"Inversion extranjera directa, entrada neta de capital (% del PIB)",BX.KLT.DINV.WD.GD.ZS,,,,,
Islas Vírgenes (EE.UU.),VIR,"Inversion extranjera directa, entrada neta de capital (% del PIB)",BX.KLT.DINV.WD.GD.ZS,,,,,
Viet Nam,VNM,"Inversion extranjera directa, entrada neta de capital (% del PIB)",BX.KLT.DINV.WD.GD.ZS,"5,011,490,848","50,210,221","4,879,062,664","4,603,158,624",
Vanuatu,VUT,"Inversion extranjera directa, entrada neta de capital (% del PIB)",BX.KLT.DINV.WD.GD.ZS,"4,343,181,013","4,108,663,913","2,863,258,066","2,725,020,237",
Mundo,WLD,"Inversion extranjera directa, entrada neta de capital (% del PIB)",BX.KLT.DINV.WD.GD.ZS,"2,672,081,322","1,049,733,286","1,684,669,002","1,443,362,294",
Samoa,WSM,"Inversion extranjera directa, entrada neta de capital (% del PIB)",BX.KLT.DINV.WD.GD.ZS,"110,758,278","203,503,186","-0,2557273924","0,5482650942",
Kosovo,XKX,"Inversion extranjera directa, entrada neta de capital (% del PIB)",BX.KLT.DINV.WD.GD.ZS,"3,994,466,882","4,043,189,031","3,608,682,464","51,137,627",
"Yemen, Rep. del",YEM,"Inversion extranjera directa, entrada neta de capital (% del PIB)",BX.KLT.DINV.WD.GD.ZS,"-1,005,318,813","-1,305,638,389","-169,494,388",,
Sudáfrica,ZAF,"Inversion extranjera directa, entrada neta de capital (% del PIB)",BX.KLT.DINV.WD.GD.ZS,"0,5396739568","137,571,219","1,318,804,454","0,9401182966",
Zambia,ZMB,"Inversion extranjera directa, entrada neta de capital (% del PIB)",BX.KLT.DINV.WD.GD.ZS,"4,280,501,171","1,552,313,969","2,350,919,043","-0,9538751572",
Zimbabwe,ZWE,"Inversion extranjera directa, entrada neta de capital (% del PIB)",BX.KLT.DINV.WD.GD.ZS,"1,746,884,527","396,270,369","1,293,799,271","0,8329653609",
